opt_wo_fval,opt_wo_vio,opt_wo_sohmin,opt_wo_mttfmin,opt_wo_time,opt_fval,opt_vio,opt_sohmin,opt_mttfmin,opt_time,rdtsh_fval,rdtsh_vio,rdtsh_sohmin,rdtsh_mttfmin,rdtsh_time,tsh_fval,tsh_vio,tsh_sohmin,tsh_mttfmin,tsh_time,srigh_fval,srigh_vio,srigh_sohmin,srigh_mttfmin,srigh_time
30,0.566666666666667,0.854460973169024,0.835904895716387,1.01879312,36,0.138888888888889,0.899980370613191,0.903130975634866,1.648546532,32,0,0.900672733404111,0.915083249247045,0.016506024,36,0.0416666666666667,0.881105497431999,0.865434225869658,0.01463896,16,0.875,6.35238850731277e-16,0.217285997294408,0.244265923
35,0.7,0.856753608505886,0.835467085415357,1.199693358,43,0.0930232558139535,0.899982609494639,0.902702476251446,3.110326032,42,0,0.90524421851662,0.919792560749038,0.017475898,49,0.0510204081632653,0.881213120271846,0.867348724526109,0.017918,21,0.80952380952381,2.55701833384488e-15,0.216328327850554,0.308055269
37,0.540540540540541,0.857201177596068,0.837087407583008,6.446617212,43,0.104651162790698,0.899984780229015,0.902612122349851,5.531312779,36,0,0.90862942960179,0.929871375855309,0.018956937,43,0.0465116279069767,0.892610211849373,0.89294880621567,0.017940311,21,0.761904761904762,0.028718023937569,0.389107940334851,0.394255443
42,0.761904761904762,0.857201177596068,0.837251669555148,4.365023062,60,0.158333333333333,0.899979839045024,0.901788539041951,16.399103227,44,0,0.904097262643012,0.920867873276652,0.019034986,49,0.0510204081632653,0.881642299516488,0.874007964744406,0.01705218,23,0.739130434782609,2.82740607055198e-09,0.252748225707092,0.428688647
31.9999999999724,0.453125000000391,0.86295726917332,0.8405404624681,1.504520967,38,0.157894736842105,0.899982637091018,0.901788539041951,2.891068487,36,0.0277777777777778,0.895289941009128,0.897690497674594,0.019272518,45,0.0666666666666667,0.893072444396821,0.888310622517184,0.017357691,19,0.710526315789474,0.303324190097727,0.507536823078148,0.351629005
33.9999999999957,0.764705882353039,0.85675360850851,0.835467085419349,1.076176394,47,0.148936170212766,0.899979839045024,0.900504711436766,4.038393712,32,0,0.905761502603484,0.918031948892322,0.018286394,37,0.0405405405405405,0.889598955063201,0.887099588369389,0.015840717,18,0.833333333333333,3.20594058185662e-30,0.184745600598005,0.333086828
34,0.617647058823529,0.86055802767098,0.838753240244352,2.487813198,38,0.118421052631579,0.899982637091018,0.902655592480542,3.224234155,36,0.0416666666666667,0.878971391321184,0.864248540591046,0.018735948,39,0.0641025641025641,0.878971391321184,0.864248540591046,0.017020513,19,0.894736842105263,0.00167663750752525,0.335196407059174,0.347251054
31,0.709677419354839,0.855512861390355,0.837264081455456,1.082586364,43.9999999999978,0.170454545454554,0.89998041608159,0.902655592480542,5.325363037,31,0,0.905741781547591,0.919280546450319,0.019006617,40,0.05,0.869986235291984,0.861244818896165,0.016776461,18,0.666666666666667,7.23099657283873e-319,0.105561663633526,0.348540849
32,0.65625,0.858523729969683,0.838093584320331,1.45098563,47,0.127659574468085,0.899979839045024,0.902862639360852,3.493993585,30,0,0.904446215067859,0.918704619745584,0.018144516,37,0,0.901282895271084,0.919948282570787,0.016033042,18,0.833333333333333,3.48587817087402e-08,0.258516537784583,0.323106795
31,0.483870967741935,0.862912243949514,0.841287627785533,2.777762838,37,0.135135135135135,0.899982609494639,0.901913837407058,3.319377438,37,0,0.91072648352759,0.934813558124431,0.017940791,41,0.0365853658536585,0.881627535646167,0.866395435316285,0.016236126,18,0.833333333333333,0.0485356826079871,0.404926596767234,0.350007383
33,0.46969696969697,0.860799794535345,0.84093112542322,2.652922751,36.9999999999789,0.121621621621691,0.899982609494639,0.902655592480542,1.08052215,38,0,0.902259787061227,0.920683565385398,0.017897157,43,0.104651162790698,0.881521152601117,0.867857606684676,0.015780836,20,0.85,1.22527350946424e-14,0.220396239660253,0.331757013
37,0.648648648648649,0.858523729969683,0.838217246755882,5.644507869,43,0.127906976744186,0.899982609494639,0.901913837407058,5.983663313,45,0,0.905788665785899,0.93184508193587,0.019123267,43,0.0813953488372093,0.880393697207401,0.869104225818808,0.017201907,21,0.928571428571429,0.102441749687309,0.433260236223802,0.392003081
39,0.653846153846154,0.859895256270045,0.839991905819437,3.323239288,53,0.160377358490566,0.899979839045024,0.901432083926859,3.36035404,40,0.0125,0.899510689899761,0.918482632375674,0.019876904,50,0.02,0.872696840614241,0.851129860593037,0.018291921,20,0.825,0.0510193744201266,0.406579029050864,0.391533757
36,0.722222222222222,0.856661660695676,0.835327219029928,3.949127029,47,0.191489361702128,0.899980370613191,0.902801612207879,5.012930995,37,0,0.902969028745007,0.923018652009774,0.019664976,44,0.0454545454545455,0.886140278168617,0.891532594182905,0.016958299,17,0.823529411764706,5.52642348490939e-23,0.195673876732457,0.342135871
40,0.6625,0.858523729969683,0.838011660069794,6.917164004,57,0.166666666666667,0.899979839045024,0.900036388037898,5.51591632,40,0,0.909284032415711,0.93184508193587,0.020846306,50,0.02,0.880512560845977,0.8693241143464,0.018919886,21,0.80952380952381,0.0235903677412118,0.381067750819626,0.412333429
33,0.651515151515151,0.858615352336448,0.838093584320331,0.971620735,42,0.119047619047619,0.899981616039091,0.902655592480542,4.133761992,31,0,0.905788665785899,0.934497114484428,0.020227626,40,0.05,0.886368148190397,0.875553179029718,0.01736527,19,0.789473684210526,8.09898844745576e-05,0.303435359759511,0.371071851
32,0.625,0.859618171375923,0.839560084474094,4.080056253,37,0.148648648648649,0.899981616039091,0.902702476251446,3.545945249,32,0.03125,0.890031214094661,0.884459427313214,0.020585307,43,0.0465116279069767,0.888680155959833,0.881744445958591,0.018514971,21,0.857142857142857,2.8285096950432e-06,0.278541559374142,0.415155983
33,0.515151515151515,0.858615352333436,0.840577825341078,1.320373869,38,0.118421052631579,0.899982609494639,0.902862639360852,1.784421877,34,0,0.906512966204084,0.921014222072885,0.020669336,35,0.142857142857143,0.881291902535786,0.86613458818689,0.018533721,18,0.777777777777778,1.95547075497559e-08,0.25886035792839,0.384964664
27,0.62962962962963,0.862021732442253,0.838011660069794,0.970103168,32,0.171875,0.899982609494639,0.902655592480542,4.558941153,34,0,0.90524421851662,0.919792560749038,0.018712448,32,0.09375,0.877661380025371,0.860833654521027,0.016452542,16,0.6875,0.26361623613183,0.494111509513297,0.327181931
39,0.615384615384615,0.858523729969683,0.838631853022127,3.238218976,52,0.173076923076923,0.899979839045024,0.900036388037898,3.739758486,32,0,0.908340882785794,0.923081659918436,0.019758818,43,0.0348837209302326,0.898939953346655,0.902596979202564,0.017362059,21,0.761904761904762,1.11879011963891e-51,0.16417301566206,0.416849124
27,0.62962962962963,0.859618171375923,0.839560084474094,1.256389295,31,0.17741935483871,0.899982637091018,0.901788539041951,0.645673746,24,0,0.906062842533434,0.923195543602286,0.016744515,26,0.0769230769230769,0.874954343344783,0.856195815750608,0.014052681,13,0.846153846153846,4.26790104454554e-16,0.218817686225583,0.26591092
32,0.71875,0.859371730298984,0.838093584320331,1.104537777,41,0.121951219512195,0.899981616039091,0.901788539041951,3.158995581,35,0,0.90596234986155,0.920142397802266,0.018746983,38,0.0263157894736842,0.879388196244068,0.866158711826778,0.016686016,21,0.714285714285714,0.298280869409959,0.505860001522589,0.392873967
41,0.74390243902439,0.859618171375923,0.838011660069794,3.807378581,55,0.181818181818182,0.899979839045024,0.901788539041951,5.200716924,39,0,0.903250688458846,0.919822815786577,0.021161181,44,0.0454545454545455,0.882295528228202,0.866551692311075,0.019178923,19,0.736842105263158,5.83196069423339e-09,0.25716670443518,0.386450613
40,0.675,0.858746932026032,0.838093584320331,3.49929315,49,0.173469387755102,0.899979839045024,0.900504711436766,4.498931828,37,0,0.904446215067859,0.910955035285132,0.021835135,42,0.0119047619047619,0.899510689899761,0.910955035285132,0.01843978,22,0.772727272727273,3.37549646668383e-44,0.170393504412041,0.451645855
32,0.53125,0.865153450568483,0.842866618514272,1.934158685,38,0.144736842105263,0.899981616039091,0.902628692099269,1.273740285,30,0,0.905699832388296,0.92517049464385,0.018115995,39,0.0128205128205128,0.899587192746768,0.91935766489331,0.016357851,19,0.789473684210526,0.00775293760910352,0.359008347984873,0.359894982
31,0.67741935483871,0.859371730298984,0.837087407583008,0.780192018,43,0.104651162790698,0.899982202296831,0.905700243470609,3.451426019,39,0,0.900445089434205,0.914135489812794,0.019071832,33,0.0454545454545455,0.894446990751519,0.90348584405429,0.016915697,19,0.789473684210526,0.00328842762311161,0.338923816666287,0.363623006
36,0.513888888888889,0.856661660695676,0.835327219029928,5.48476604,43,0.162790697674419,0.89998041608159,0.901788539041951,8.33615831,45,0,0.904021325376813,0.917480935351428,0.021590238,47,0.0425531914893617,0.876567221905056,0.864570088919588,0.019471181,22,0.931818181818182,5.49002048914031e-13,0.224016803896812,0.453776411
39.0000000000001,0.615384615384614,0.860341486297875,0.837251669555148,2.359200388,51,0.156862745098039,0.899979839045024,0.901788539041952,4.036408451,34,0,0.902259787061227,0.924081207334905,0.019512535,46,0.0652173913043478,0.886623127259559,0.878655810019011,0.017453358,20,0.75,0.00307077600586115,0.341992933868836,0.405584871
31.9999999999515,0.5937500000009,0.857201177596068,0.838631853022127,1.764419847,46,0.141304347826087,0.899980370613191,0.90400164727868,2.604054677,34,0,0.903807099947235,0.923543063945767,0.020073338,37,0.0540540540540541,0.884268882094577,0.876317523114553,0.017366321,18,0.722222222222222,7.7097031625669e-18,0.211088086067534,0.372242866
36,0.611111111111111,0.857725350649353,0.836951701057871,2.85341668,45,0.133333333333333,0.899982609494639,0.901788539041951,3.989210613,36,0,0.903850006925138,0.92126406981253,0.019280041,47,0.0425531914893617,0.89135874370593,0.887570262252726,0.017019927,19,0.789473684210526,9.15594540173867e-48,0.166371921349384,0.371423161
33,0.681818181818182,0.858615352336448,0.838011660069794,2.447169824,42,0.119047619047619,0.899979839044992,0.903321571754929,3.269517464,36,0,0.906932047902536,0.922125686272936,0.01983927,43,0.0116279069767442,0.898909231339261,0.909270163232547,0.017456026,19,0.684210526315789,0.0211565125277346,0.381202578046964,0.373787319
40.9999999999678,0.609756097561454,0.859371730298984,0.838093584320331,4.958800418,56,0.205357142857143,0.899979839045024,0.901913837407058,2.230908349,37,0,0.903500716606636,0.91900845452603,0.020628351,43,0.0232558139534884,0.89242277018934,0.904644943472514,0.018473226,22,0.772727272727273,0.00543804585590383,0.349469781013807,0.429631218
36,0.680555555555556,0.856661660695676,0.835327219029928,2.803901115,44,0.147727272727273,0.899979839045024,0.901913837407058,4.142699808,33,0,0.907477691783048,0.936586304581712,0.019797018,46,0.0326086956521739,0.889265799146285,0.882140809767654,0.01718992,20,0.85,6.53985394235982e-25,0.196006838135483,0.390368314
30,0.616666666666667,0.858523729967086,0.838631853018112,1.044742946,40,0.1,0.899982609494639,0.902628692099269,3.251183978,32,0,0.904689771665382,0.921701127216871,0.01903834,40,0.0125,0.899510689899761,0.918482632375674,0.017022393,17,0.705882352941177,5.72686466830664e-07,0.273244338311427,0.343862128
32,0.65625,0.860341486297875,0.837251669555148,1.172736451,41,0.0853658536585366,0.899981616039091,0.901432083926859,4.072730745,29,0,0.904994909119943,0.918605454787943,0.019672158,35,0.0142857142857143,0.897567694945968,0.900368269625174,0.017408317,20,0.7,0.00263511379548262,0.343196030259996,0.379381985
38,0.644736842105263,0.855512861390355,0.837264081455456,12.970236396,51,0.156862745098039,0.899979839045024,0.900504711436766,5.109634896,38,0,0.904689771665382,0.91935766489331,0.020699506,40,0.0375,0.877687943392794,0.867560482431469,0.018198836,20,0.825,0.000318209053734831,0.313647250792806,0.425463496
33,0.606060606060606,0.857201177595678,0.838755515072242,3.66978239,40,0.1625,0.899981616039091,0.900504711436766,9.027816594,41,0,0.905788665785899,0.920867873276652,0.021248405,46,0.0217391304347826,0.898768474695931,0.901785628215267,0.018946054,21,0.785714285714286,0.297763677414617,0.505622238600592,0.434873518
36,0.625,0.860341486297875,0.837251669555148,2.878875646,43,0.127906976744186,0.899981616039091,0.901788539041951,5.950006138,36,0,0.90891707418136,0.926378597273175,0.021923513,49,0.0204081632653061,0.883758773832038,0.869249065599103,0.018870582,21,0.761904761904762,0.293463473692988,0.504157493851278,0.422223115
33,0.606060606060606,0.858807039029221,0.838093584320331,4.054952136,48.9999999999275,0.11224489795935,0.899979839045024,0.903130975634866,4.26343265,32,0,0.903371924374137,0.924079933650981,0.018983508,39,0.0256410256410256,0.885899483129098,0.882185093862988,0.016987642,19,0.842105263157895,0.00057322173285663,0.316501586296582,0.377793208
34,0.661764705882353,0.858523729969683,0.838011660069794,3.410569733,43,0.197674418604651,0.89998041608159,0.901970091158402,4.962474313,35,0.0285714285714286,0.89485463251582,0.891402803661365,0.020560394,40,0.0125,0.899510689899761,0.916535275066706,0.017402961,18,0.722222222222222,0.00544654812233425,0.354414990376926,0.383829533
39,0.615384615384615,0.865949448774656,0.842977931895174,3.338473488,50,0.14,0.899982103168624,0.901788539041951,6.224943344,39,0,0.90671095214843,0.937468646151243,0.024244993,44,0.0227272727272727,0.875109692431983,0.856466132063414,0.020647078,25,0.72,2.07545567063317e-08,0.260567391660345,0.50785081
35,0.657142857142857,0.856787251130758,0.839076244486442,5.174343614,42,0.119047619047619,0.8999856798148,0.901788539041951,2.976841504,42,0,0.912475066825127,0.943637077288528,0.02415235,56,0.0535714285714286,0.884453321018635,0.887287809384077,0.021283053,25,0.64,9.60213922785011e-24,0.194966718095031,0.512833479
28,0.642857142857143,0.865968238622653,0.844817492417438,1.467267242,34,0.132352941176471,0.899982103168624,0.902507994222393,3.455237171,29,0,0.913401460103169,0.943871416118144,0.021285285,42,0.0119047619047619,0.898510217098933,0.908199496830416,0.018499118,20,0.8,0.483460638777119,0.572016842285878,0.398809452
35,0.628571428571429,0.855051713353983,0.836475050750311,5.100003933,42.9999999999804,0.116279069767495,0.89998041608159,0.903192249316306,5.429011684,37,0,0.913904003205531,0.945223608297929,0.023199762,50,0.06,0.885379958173242,0.886779664399626,0.021143545,23,0.739130434782609,0.282985904469261,0.500630648286941,0.49018684
39,0.564102564102564,0.855051713353983,0.836475050750311,6.073901726,46,0.141304347826087,0.899982103168624,0.90114899013949,6.727694538,45,0,0.907294658059609,0.919699566054204,0.023707884,52,0.0384615384615385,0.876253331682619,0.86074058578176,0.020361153,21,0.761904761904762,3.99788558524068e-126,0.132874105182097,0.444000619
36.9999999998952,0.554054054055624,0.860341486297875,0.837251669555148,3.697116007,44,0.0795454545454545,0.899987632036876,0.902801612207879,6.749677444,41,0,0.910357304255817,0.930541541168869,0.023307515,55,0.0181818181818182,0.886228783673096,0.874425873219125,0.020689332,23,0.782608695652174,0.0240837809570391,0.384548768598444,0.49153195
36,0.5,0.860799794535345,0.844314218942068,3.506033889,42,0.107142857142857,0.89998041608159,0.902628692099269,2.125655271,36,0,0.913346272686139,0.938413344270706,0.023258754,43,0.0348837209302326,0.867750351665984,0.85674855451518,0.020341309,20,0.85,0.174272326743583,0.460734304113099,0.438637121
32,0.71875,0.861520245627524,0.84093112542322,7.752184252,40,0.15,0.899979839045024,0.902507994222393,5.958525384,37,0,0.913302887536754,0.938450352453949,0.022835067,44,0.0454545454545455,0.881645228248337,0.869966908713988,0.020781926,20,0.9,3.57879232007459e-25,0.192056273077248,0.432283939
34,0.705882352941177,0.86033219154688,0.84093112542322,3.364675761,43,0.162790697674419,0.899979839045024,0.901788539041951,6.712103258,38,0.0131578947368421,0.898709710179019,0.911673356830759,0.024087242,45,0.0333333333333333,0.87671855988222,0.864132933254852,0.021382564,20,0.7,0.000950475373206105,0.325642303806116,0.448868744
33,0.53030303030303,0.856661660695676,0.835327219029928,4.871262587,40,0.1625,0.899979839045024,0.903321571754929,5.752162982,37,0,0.912839100873646,0.93985750637296,0.023592227,44,0.0227272727272727,0.894751022069379,0.901408855376995,0.020343215,21,0.761904761904762,0.011660341598393,0.364954408648329,0.439836373
31.9999999999932,0.546875000000117,0.859652213603992,0.84093112542322,6.415863145,38,0.0789473684210526,0.89998041608159,0.903168107878423,7.019290957,36,0.0277777777777778,0.893723878637736,0.897677676901762,0.020503746,38,0.0263157894736842,0.893072183473598,0.896288769880016,0.018435719,22,0.863636363636364,0.0203417217548514,0.378333886884371,0.441906697
36,0.694444444444444,0.855051713353983,0.836475050750311,3.624201818,44,0.125,0.899979839045024,0.903783665247107,2.919150615,43,0,0.90914326612195,0.932085946782152,0.024714244,49,0.0306122448979592,0.874037202826673,0.862670574358586,0.022619313,24,0.6875,0.000474137018046068,0.316843998177164,0.531503245
32,0.65625,0.855063236694432,0.836492538397509,3.638094581,42,0.130952380952381,0.89998041608159,0.901970091158402,4.603382978,30,0,0.910836101384614,0.943727163910154,0.022112366,46,0.0434782608695652,0.884879795306985,0.884549154085527,0.019038636,21,0.595238095238095,0.0769015135959726,0.419471912073274,0.426133099
29,0.53448275862069,0.862594312865695,0.840702112410049,2.55545142,33,0.0909090909090909,0.89998041608159,0.903783665247107,3.047582236,39,0,0.912102614651804,0.937199426286345,0.02229607,38,0.0131578947368421,0.894199501286534,0.900353784586113,0.019949733,21,0.571428571428571,0.384208746940667,0.53542677814722,0.426398392
35,0.771428571428571,0.855512861390355,0.835327219029928,4.638947978,44,0.159090909090909,0.899979839045024,0.900504711436766,7.090849572,40,0,0.905162136596882,0.933441984826569,0.025355011,48,0.0208333333333333,0.892128241891658,0.895794244192206,0.022514594,21,0.785714285714286,0.174958619007098,0.462027539622347,0.463077375
32,0.5625,0.864155334369634,0.841712149207318,5.035694723,38,0.131578947368421,0.899982103168624,0.902507994222393,7.904299567,32,0,0.911409314544437,0.937150958660128,0.022476742,39,0,0.901836664704594,0.9098637902215,0.02054128,23,0.652173913043478,7.01805050560711e-13,0.232205393710773,0.4895009
32,0.546875,0.86250632416981,0.840702112410048,2.340476127,38,0.0921052631578947,0.899982103168624,0.902507994222393,4.348839045,34,0,0.905732859396722,0.92915519165564,0.021818665,37,0.0540540540540541,0.877941717633198,0.858703807237268,0.019561407,18,0.833333333333333,8.56982540928822e-13,0.232974304600645,0.392016254
31,0.661290322580645,0.861520245627524,0.842091616204243,3.209811548,40,0.15,0.89998041608159,0.90114899013949,3.057256664,31,0,0.911529369383198,0.941606696776748,0.022615661,44,0.0454545454545455,0.876679426267432,0.863631275054761,0.020114277,23,0.652173913043478,7.44467130698604e-10,0.244757315659934,0.477793887
40,0.6625,0.859371730298984,0.837251669555148,3.499360331,52,0.115384615384615,0.899979839045024,0.902507994222393,7.392755838,41,0,0.908443633346925,0.937093912055227,0.025395108,45,0.0222222222222222,0.882270421111087,0.871136234153837,0.022303204,19,0.894736842105263,5.23985449816765e-35,0.179197415440866,0.434875407
33,0.606060606060606,0.858523729969683,0.838631853022127,3.818287429,40,0.1,0.899984780229015,0.903130975634866,6.806143357,40,0,0.912587476639878,0.936619965167157,0.022282513,43,0.0697674418604651,0.88976165305169,0.881513959916734,0.019696673,19,0.736842105263158,9.79977677267285e-06,0.290220369992082,0.409155856
32,0.6875,0.860341486297875,0.837251669555148,3.393765016,41,0.0609756097560976,0.899987677434075,0.902293538160861,14.077696132,38,0,0.913606304659841,0.941096751221792,0.024702623,42,0.0476190476190476,0.870942165954205,0.854455959141564,0.021006392,19,0.789473684210526,3.29689761742325e-19,0.207809259297921,0.433257502
36,0.569444444444444,0.860341486297875,0.837251669555148,7.077129311,48,0.145833333333333,0.89998041608159,0.900504711436766,6.51414878,33,0,0.911712670290918,0.937199426286345,0.022968741,46,0.0543478260869565,0.879036210327613,0.876896124011823,0.020072932,22,0.727272727272727,1.81157424824417e-33,0.175452246950593,0.446708519
35,0.7,0.86504031259769,0.844232465833738,5.344932661,46,0.173913043478261,0.899982103168624,0.901172646038436,4.592563228,32,0,0.913879384841832,0.948174823508713,0.022327518,40,0,0.911009204645175,0.937371230841651,0.018388216,21,0.80952380952381,0.0218944937476926,0.383065479523246,0.430043347
33,0.636363636363636,0.856661660695676,0.835327219029928,6.728134058,43,0.104651162790698,0.899982103168624,0.902507994222393,17.897172835,36,0,0.911954656495073,0.938712154061367,0.023106219,43,0.0232558139534884,0.892431450968271,0.896572958554505,0.020178853,21,0.80952380952381,3.67230646250423e-53,0.159821879667941,0.473166048
42,0.511904761904762,0.858523729969683,0.838631853022127,5.08064893,54,0.0925925925925926,0.899984780229015,0.902655592480542,7.238256622,40,0,0.905162136596882,0.933441984826569,0.026100995,55,0.0181818181818182,0.883995398697743,0.874134868655173,0.023787278,26,0.923076923076923,7.25616478888253e-06,0.287327389587592,0.561888164
33,0.560606060606061,0.859371730298984,0.838093584320331,30.659563857,37,0.121621621621622,0.899982828596734,0.901970091158402,7.213718664,37,0,0.912102614651804,0.937199426286345,0.023555831,40,0.0375,0.886190503088345,0.880847064718406,0.020650262,21,0.714285714285714,0.0103589705921328,0.362463592879688,0.460327033
32,0.53125,0.863114606323273,0.841976291471566,4.278751273,42,0.142857142857143,0.899979839045024,0.902507994222393,10.864916389,34,0,0.913843151031469,0.944411894824567,0.02325531,41,0.0487804878048781,0.874582930725748,0.859916502962301,0.020319337,21,0.69047619047619,3.79255375966783e-104,0.135645880520106,0.437594038
36,0.666666666666667,0.859371730298984,0.838093584320331,8.65045816,44,0.125,0.899982103168624,0.90114899013949,10.423414879,46,0,0.914088726761571,0.942066450635573,0.024434043,40,0,0.90671095214843,0.925415054625927,0.021636471,19,0.921052631578947,0.00653457430866721,0.356448395319038,0.449758106
29,0.586206896551724,0.86250632416981,0.841738299028876,3.608165451,34,0.147058823529412,0.899986946937591,0.903345156496743,3.680546334,33,0,0.911464200933502,0.936811461429624,0.023289036,39,0.0256410256410256,0.893064231596466,0.894662901646687,0.019636192,17,0.705882352941177,0.136209709910107,0.44736687391478,0.376404259
34,0.602941176470588,0.862594312865695,0.840702112410049,3.509739674,40,0.125,0.899982103168624,0.901149371765903,4.573212467,40,0,0.902992952683154,0.912709148678331,0.023097333,45,0.0444444444444444,0.87821704937123,0.863441838972596,0.020340455,21,0.761904761904762,0.00666770802317974,0.35680522729303,0.439227694
32.9999999999806,0.666666666667059,0.862619522541669,0.838011660069794,3.162963353,41,0.146341463414634,0.899982103168624,0.901149371765903,6.557254179,34,0,0.913770900253986,0.945365445331407,0.023547116,44,0.0227272727272727,0.891830914172571,0.886224017752189,0.020918708,18,0.722222222222222,1.12858519844931e-18,0.210701136878417,0.409576308
37,0.675675675675676,0.860473841277049,0.845786192149273,7.802719342,42,0.119047619047619,0.89998041608159,0.900504711436766,16.18210484,43,0,0.907649490280789,0.925147394738207,0.02529193,45,0.0666666666666667,0.886071909520609,0.874168253306651,0.02217518,24,0.75,0.000291647091418784,0.315902574316914,0.523772218
38,0.618421052631579,0.856787251130763,0.839076244486449,3.906360943,50,0.1,0.89998041608159,0.902507994222393,8.79424613,34,0,0.913441174706271,0.936794404499885,0.023797146,52,0.0192307692307692,0.884195320121103,0.870847985819787,0.020695628,24,0.666666666666667,0.000853146208990687,0.327145806228337,0.483434083
37,0.743243243243243,0.859371730298984,0.837251669555148,9.851724894,47,0.180851063829787,0.899982103168624,0.900504711436766,169.680314444,40,0,0.906126247406819,0.919020856358631,0.023369098,53,0.0188679245283019,0.89216174306027,0.887418117338951,0.019731525,21,0.80952380952381,1.23279830482372e-85,0.146005621623751,0.449408205
31,0.741935483870968,0.862619522541669,0.838011660069794,5.058364081,37,0.162162162162162,0.899979839045024,0.903155128164476,3.339965862,35,0,0.912475066825127,0.945924344394627,0.022073997,38,0.0394736842105263,0.87739480334503,0.858333443892968,0.019018845,18,0.722222222222222,0.00154393827207674,0.333197641328163,0.375321312
39,0.641025641025641,0.862594312865695,0.838011660069794,5.339925381,48,0.104166666666667,0.899982103168624,0.902507994222393,37.889118228,45,0,0.903124842943151,0.913019344734431,0.027366529,47,0.0212765957446809,0.886038794400066,0.875785089622221,0.024395753,22,0.636363636363636,4.70952030197553e-29,0.188412403383906,0.494294608
44,0.704545454545455,0.860341486297875,0.837251669555148,7.328569293,55,0.172727272727273,0.899982103168624,0.900504711436766,22.853911965,48,0,0.913145590013838,0.94238073872272,0.026356317,51,0.0392156862745098,0.875608612586906,0.854560233799586,0.023960516,24,0.708333333333333,3.39449642082126e-11,0.24237781905349,0.538304998
37,0.621621621621622,0.864060732691333,0.84093112542322,7.10858482,45,0.144444444444444,0.899982103168624,0.90114899013949,10.588995088,33,0,0.912475066825127,0.938450352453949,0.022715465,43,0.0232558139534884,0.893494390250099,0.888464873166007,0.020540752,22,0.636363636363636,9.785084857898e-149,0.129351300421908,0.467668605
32.9999999999991,0.590909090909107,0.860341486297875,0.837251669555148,3.961221891,40,0.1625,0.899979839045024,0.902628692099269,7.561762828,34,0,0.900510125943431,0.908082852084184,0.022616271,50,0.01,0.899890748671485,0.906671694983441,0.019369898,19,0.736842105263158,0.00575790287148407,0.354249235944998,0.411990749
32,0.796875,0.858523729969683,0.838631853022127,3.831509404,41,0.170731707317073,0.89998041608159,0.90114899013949,8.399959816,29,0,0.913401460103169,0.93959201329102,0.021706473,44,0.0227272727272727,0.894311701016192,0.893197727753669,0.019354868,19,0.578947368421053,1.50462952805203e-59,0.159019639729443,0.415292884
33,0.727272727272727,0.855051713353983,0.836475050750311,30.825322493,41,0.146341463414634,0.899982637091018,0.902008407642545,833.590719619,38,0,0.917770975963038,0.949609257700728,0.026674514,47,0.234042553191489,0.871050885044083,0.848205551900984,0.022954167,23,0.739130434782609,3.72315965251668e-10,0.241653765354975,0.616133483
36,0.638888888888889,0.860326233187722,0.839922121967027,14.852145736,43,0.186046511627907,0.899981616039091,0.900000587011725,24.25779648,34,0,0.91511707191525,0.947541373786235,0.024370254,46,0.130434782608696,0.868152071262793,0.851280551941073,0.021731277,24,0.708333333333333,2.9133835521357e-79,0.147778349067383,0.593768235
30,0.716666666666667,0.859618171375923,0.839560084474094,2.202005657,35.9999999999869,0.0277777777777879,0.89999235569372,0.900000587006529,15.382622423,36,0,0.915541456845352,0.94758697698025,0.02645581,48,0.270833333333333,0.872573142504892,0.850364768208562,0.023754115,18,0.888888888888889,2.47628127077506e-09,0.248682388799567,0.51123814
38.9999999999947,0.641025641025728,0.858814118690435,0.838217246755882,26.669974778,44,0.159090909090909,0.899982202296831,0.901970091158402,14.600780622,45,0,0.905974169854095,0.922184157745442,0.031061257,53,0.30188679245283,0.862533346041621,0.848274569929701,0.026806252,26,0.923076923076923,2.63175014276916e-57,0.157603434364639,0.700536162
29,0.586206896551724,0.862912243949514,0.8405404624681,3.587232288,35,0.1,0.899982637091018,0.90221470749289,10.545456681,34,0,0.916065616631691,0.952654645126055,0.026530632,40,0.1,0.873692143156741,0.853110740406895,0.022807966,18,0.722222222222222,9.74889106089317e-34,0.180936333359439,0.490736011
27,0.574074074074074,0.864839864676819,0.845479026487008,6.265036953,32,0.125,0.899981616039091,0.90400164727868,11.317300164,37,0,0.913976137667987,0.954431988387603,0.024139327,37,0.256756756756757,0.861988572607065,0.847255141340972,0.021018717,19,0.710526315789474,2.86088046180966e-13,0.22791228901473,0.514664849
35,0.542857142857143,0.861082111587347,0.841287627785533,20.102771127,40,0.175,0.899981616039091,0.90114899013949,11.993262102,44,0,0.916428060925287,0.947541373786235,0.026675797,44,0.295454545454545,0.864916732917171,0.849166688860396,0.023274318,20,0.825,2.07353700345588e-58,0.158817537489982,0.548933891
30,0.75,0.860055293522853,0.839922121967027,54.663868244,37,0.162162162162162,0.899982103168624,0.902226963188852,273.590237678,32,0,0.910140497155064,0.946274514235751,0.026260995,36,0.0833333333333333,0.872821447370636,0.854544050869721,0.023102007,18,0.722222222222222,3.1319825495144e-69,0.152647222566509,0.497614914
33,0.742424242424242,0.861777786451453,0.838217246755882,13.664368807,40,0.1875,0.899982103168624,0.900000587011725,38.326125313,38,0,0.919027263645843,0.960340072271297,0.024968808,39,0.153846153846154,0.869482095588235,0.850302016312954,0.021962952,19,0.842105263157895,1.08940174400272e-37,0.177175216504974,0.504665772
33,0.787878787878788,0.858615352336448,0.8405404624681,6.034512595,42,0.154761904761905,0.899982609494639,0.901970091158402,5.491720366,39,0,0.918557467722847,0.954941012473943,0.02503886,49,0.214285714285714,0.87092227793587,0.847800459999931,0.022058104,22,0.863636363636364,0.0532519415111648,0.404833915161496,0.535118641
34,0.617647058823529,0.857469220057191,0.837374708496464,9.372701272,38,0.118421052631579,0.899982637091018,0.902910559465103,8.759302659,36,0,0.915005321223179,0.948411042772016,0.027267024,44,0.272727272727273,0.868152071262793,0.853592974651317,0.024005773,21,0.642857142857143,7.81927426934181e-06,0.286582149005544,0.575939024
34,0.661764705882353,0.857469220057191,0.837374708496464,12.976430492,41,0.158536585365854,0.899981616039091,0.901149371765903,30.42594415,33,0,0.910699719816956,0.947776512665692,0.024188578,46,0.173913043478261,0.869995620499846,0.849799261906461,0.020965913,18,0.722222222222222,1.75438826011185e-31,0.183860830481495,0.488249465
29,0.603448275862069,0.856787251130763,0.839076244486449,12.454459807,32,0.15625,0.899982103168624,0.901149371765903,20.388182496,34,0,0.915046271487511,0.953062398588615,0.026611903,41,0.329268292682927,0.870974460565728,0.849165820574363,0.023316052,18,0.611111111111111,1.73720175440775e-06,0.277345925420433,0.490497419
33.9999999999899,0.691176470588442,0.860326233187722,0.838217246755882,4.847787629,41,0.195121951219512,0.899982103168624,0.90114899013949,44.08790795,38,0,0.909748168662644,0.928975854875059,0.026678493,46,0.173913043478261,0.868909017724411,0.849712112359004,0.023634016,21,0.928571428571429,5.05824104704348e-08,0.261931029035458,0.568731168
36,0.611111111111111,0.861988572607065,0.840702112410049,5.390275158,44,0.136363636363636,0.899981616039091,0.901913837407058,57.467573128,42,0,0.916518754408304,0.94779651563998,0.023843347,46,0.0869565217391304,0.861988572607065,0.846907116886034,0.020609699,21,0.738095238095238,6.9932226195663e-16,0.218259418309254,0.492518049
34,0.647058823529412,0.855051713353983,0.836475050750311,37.239120405,39,0.205128205128205,0.899981616039091,0.90114899013949,11.798744536,34,0,0.914848765819321,0.947193030269435,0.027912706,36,0.138888888888889,0.872807653592347,0.85353509083219,0.024024297,17,0.823529411764706,3.89530502455733e-16,0.218618812794399,0.492599054
31.9999999999748,0.54687500000043,0.859618171375923,0.839560084474094,11.717704753,36,0.125,0.899982103168624,0.90114899013949,15.285030485,40,0,0.914532937574965,0.950236240441531,0.026078526,40,0.275,0.869981593430787,0.850086245368175,0.022643076,19,0.868421052631579,1.60690525704667e-22,0.199702220858512,0.505879057
32.9999999999328,0.651515151516479,0.858615352336448,0.840369896450628,7.476826074,42,0.142857142857143,0.899982609494639,0.903168107878423,9.15282894,31,0,0.91632030226547,0.96028987654691,0.025496657,49,0.224489795918367,0.870530171650437,0.848802018212898,0.022665827,20,0.875,9.61546610515496e-06,0.289415242990424,0.536158265
33,0.727272727272727,0.857201177596068,0.838755515072842,11.50490794,38,0.157894736842105,0.899982103168624,0.902008407642545,13.631930093,43,0,0.909199778598014,0.929381020532437,0.027082533,53,0.330188679245283,0.871296600970379,0.84932074409191,0.023734741,20,0.75,0.00124282952336131,0.329757745169801,0.549599476
37,0.635135135135135,0.864839864676819,0.844314218942068,15.9386261,43,0.232558139534884,0.899982103168624,0.90114899013949,26.171217348,38,0,0.910975210243631,0.928618848123221,0.026599434,42,0.226190476190476,0.870857962892159,0.8543405245386,0.022891946,24,0.895833333333333,1.53742691847814e-183,0.121843468640456,0.625840982
31,0.693548387096774,0.861988572607064,0.84725514134097,8.681730858,37,0.135135135135135,0.899982637091018,0.900000587011725,16.219790966,35,0,0.91351346925363,0.949609257700728,0.026318863,40,0.125,0.869795700293112,0.849090987439329,0.022968207,18,0.722222222222222,0.0479813330950063,0.404384176802961,0.49909316
33,0.621212121212121,0.858615352336448,0.838217246755882,14.350742712,41,0.146341463414634,0.899983071376193,0.902058573639536,118.460995694,35,0,0.915046271487511,0.955601944635928,0.027073148,43,0.0930232558139535,0.867481022835717,0.85005199115318,0.022752653,22,0.727272727272727,2.03915070919801e-170,0.123991845536754,0.592705223
32,0.734375,0.859618171375923,0.839560084474094,10.693082375,37,0.162162162162162,0.899982609494639,0.90114899013949,25.351717805,36,0,0.915541456845352,0.949043748112221,0.026676028,44,0.25,0.868600481428197,0.851916622389642,0.023270666,24,0.75,0.0361624945710155,0.394686312157097,0.587903678
41,0.695121951219512,0.855051713353983,0.836475050750311,9.397852759,53,0.150943396226415,0.899982103168624,0.901970091158402,236.159611965,43,0,0.917993032007364,0.95457647893415,0.025910286,51,0.0980392156862745,0.860407513147739,0.841164499294498,0.022843329,23,0.652173913043478,9.98419139420382e-31,0.187267130402558,0.587107869
30,0.533333333333333,0.860055293522853,0.84149414844727,13.9074155,35,0.0571428571428571,0.899987632036876,0.903757050837894,12.141575744,36,0,0.912968102112873,0.947541373786235,0.025016405,42,0.285714285714286,0.866170264074454,0.844977518683707,0.021633097,23,0.652173913043478,0.0788354327746542,0.420547895078197,0.571383368
37,0.716216216216216,0.856787251130763,0.839076244486449,11.531955938,42,0.130952380952381,0.899982609494639,0.900000587011725,15.25959437,44,0,0.913454210538813,0.943483382694891,0.027065746,44,0.284090909090909,0.869795700293112,0.849090987439329,0.023921416,20,0.85,2.54929796145677e-22,0.200600396696077,0.544756829
28,0.553571428571429,0.858615352336448,0.840577825345765,3.87859574,32.9999999999635,0.121212121212255,0.899981616039091,0.901913837407058,8.694942308,31,0,0.907671451680578,0.925759047366796,0.022532108,38,0.131578947368421,0.872573142504892,0.850364768208562,0.020602529,19,0.763157894736842,0.000455096099034574,0.321010191115405,0.486189433
33.9999999999833,0.632352941176781,0.861768105793943,0.842568037299425,7.802314965,38,0.0921052631578947,0.899982103168624,0.900000587011725,8.967958582,37,0,0.916930969903227,0.950190170957647,0.025950983,41,0.134146341463415,0.872699986518692,0.861004125317475,0.022794552,17,0.882352941176471,9.40739685276714e-27,0.191737697770533,0.483494187
31,0.709677419354839,0.856787251130763,0.838755515072842,3.362098038,41,0.158536585365854,0.899981616039091,0.903244387497686,16.722598914,36,0,0.90161866793884,0.922104534731468,0.025266661,47,0.446808510638298,0.861584988314294,0.845627920487123,0.022121767,21,0.761904761904762,8.86951099949969e-11,0.237715046105596,0.560141915
32,0.65625,0.857201177596068,0.838755515072842,9.920893649,37,0.108108108108108,0.899984844326364,0.902058573639536,8.573313661,36,0,0.914848765819321,0.954005866324811,0.025992474,37,0.135135135135135,0.861210360186885,0.846060640373606,0.022708146,17,0.823529411764706,0.00103749002947766,0.329458116867065,0.471479946
37,0.648648648648649,0.855051713353983,0.836475050750311,14.597930338,45,0.122222222222222,0.899982637091018,0.90221470749289,366.362922173,48,0,0.903611352239122,0.920688864621483,0.025886457,55,0.145454545454545,0.867870017307163,0.853506536374114,0.022765113,24,0.791666666666667,2.58926639492291e-128,0.129723826343898,0.565642456
37,0.824324324324324,0.856787251130763,0.839076244486449,13.268356205,49,0.173469387755102,0.899981616039091,0.901913837407058,51.710996198,41,0,0.916318366323867,0.950895675845708,0.027146221,55,0.0727272727272727,0.876193775980543,0.86614273863477,0.024028982,21,0.833333333333333,0.000454270800479496,0.322109050943979,0.564731672
35,0.657142857142857,0.858615352336448,0.839922121967027,5.272549189,44,0.147727272727273,0.899981616039091,0.902008407642545,13.407809721,40,0,0.916636262052351,0.949043748112221,0.027482673,43,0.209302325581395,0.866170264074454,0.844977518683707,0.024280316,22,0.772727272727273,3.96108319444772e-37,0.172661644388638,0.566876451
35,0.828571428571429,0.856787251130763,0.837374708496464,11.5023867,48,0.15625,0.899981616039091,0.902058573639536,7.014345783,39,0,0.914436065998314,0.950042590000066,0.026773692,54,0.444444444444444,0.865817963398503,0.847800459999931,0.023140417,22,0.681818181818182,0.00861973963517891,0.360992615840629,0.547272261
38,0.763157894736842,0.860247089556518,0.838217246755882,5.893778692,47,0.159574468085106,0.899982103168624,0.900000587011725,21.425799562,52,0,0.91845803600131,0.955601944635928,0.028593999,49,0.193877551020408,0.869166796927129,0.848022062974527,0.025563743,25,0.82,1.07402248433692e-227,0.115110077559853,0.65094109
34,0.617647058823529,0.856787251130763,0.839076244486449,15.198600116,47,0.170212765957447,0.899982637091018,0.902008407642545,51.496950666,36,0,0.915513852626907,0.947912151045166,0.026510561,52,0.278846153846154,0.868506133661865,0.848038376402282,0.0223236,24,0.791666666666667,6.92155193883416e-99,0.138278893541599,0.607760506
41,0.841463414634146,0.856787251130763,0.838755515072842,81.505143353,57,0.184210526315789,0.899982202296831,0.90114899013949,227.69169859,40,0,0.916428060925287,0.947541373786235,0.029277049,67,0.253731343283582,0.867408892715747,0.846523170086571,0.024988968,22,0.909090909090909,4.0761386660079e-44,0.163987986239494,0.570260701
37,0.621621621621622,0.857201177596068,0.838755515072842,8.660508129,44,0.170454545454545,0.899982609494639,0.902008407642545,60.51220074,45,0,0.912968102112873,0.951687941665873,0.029393869,49,0.244897959183673,0.866727536420772,0.851280551941073,0.025607765,20,0.8,1.6173322323343e-08,0.261401558570393,0.535607466
35,0.628571428571429,0.856787251130763,0.839076244486449,3.749501252,44,0.136363636363636,0.899981616039091,0.901913837407058,9.828442988,47,0,0.915005321223179,0.948568820587848,0.025203097,43,0.186046511627907,0.861988572607065,0.847255141340972,0.02173551,20,0.875,0.00063718716471925,0.32257945403536,0.507808366
26,0.692307692307692,0.859618171375923,0.839560084474094,1.465773779,31.9999999999951,0.109375000000017,0.899987512345169,0.90114899013949,7.464183855,30,0,0.916597525346462,0.954169507471538,0.023267137,34,0.5,0.864916732917171,0.849166688860396,0.019792584,14,0.714285714285714,8.54395872561016e-79,0.148187774939643,0.382163465
32,0.5,0.866212936562382,0.844711948391732,10.061772096,36,0.152777777777778,0.899982637091018,0.90114899013949,41.245541055,41,0,0.918108514172487,0.958938372080471,0.028231327,49,0.173469387755102,0.878204625792891,0.860907185393909,0.024723494,21,0.761904761904762,2.58890026240175e-12,0.23518483532403,0.572082161
30,0.55,0.86250632416981,0.842977931895174,5.109015582,35,0.171428571428571,0.899982103168624,0.902058573639536,35.105226804,36,0,0.918756142301606,0.958702608253715,0.029479187,47,0.24468085106383,0.883853290083161,0.876536734593586,0.025218355,23,0.478260869565217,0.0134506458775351,0.369069564435648,0.624647434
29,0.775862068965517,0.867072926910278,0.842977931895174,10.816384028,33,0.196969696969697,0.899982103168624,0.901913837407058,11.548965834,30,0,0.922245386675547,0.961799052120737,0.026815541,37,0.108108108108108,0.894845123032531,0.893665721428464,0.022654075,20,0.6,8.47274452579422e-10,0.251721686377585,0.53832431
30,0.55,0.857469220057191,0.837374708496464,5.696679365,34,0.102941176470588,0.899983071376193,0.903757050837894,12.218379732,38,0,0.917107632215907,0.958862457713949,0.027747315,42,0.130952380952381,0.892673452995427,0.893081631203624,0.023957195,22,0.568181818181818,7.9210493318969e-12,0.235343539784791,0.545041412
35,0.485714285714286,0.860247089556518,0.838217246755882,20.897151411,40,0.0875,0.899983071376193,0.902008407642545,299.092036967,43,0,0.905478692113373,0.916610920909868,0.029439503,47,0.138297872340426,0.891876374739233,0.884516090379921,0.024853611,22,0.636363636363636,2.63992111805223e-15,0.219588007724697,0.598726295
28,0.571428571428571,0.857469220057191,0.837374708496464,8.36847386,32,0.109375,0.899982103168624,0.902008407642545,26.159450787,34,0,0.911688703805325,0.938230908512381,0.024587295,41,0.195121951219512,0.88284785568894,0.871714290700639,0.021331407,19,0.526315789473684,0.00192004650434871,0.336403924181252,0.481583949
28,0.339285714285714,0.867411851824228,0.844916777389602,4.729791829,30,0.1,0.899983224239469,0.902913280041479,7.981273651,34,0,0.919515399980976,0.952512025353275,0.026390367,34,0.102941176470588,0.878076285048433,0.859395908523774,0.022907588,21,0.571428571428571,0.0527853071455982,0.408233678565802,0.537966758
35.9999999999789,0.569444444444779,0.858615352336448,0.840577825345765,128.524353004,39,0.128205128205128,0.899982609494639,0.9011489901381,18.662324012,41,0,0.914237340624806,0.945196567050434,0.031900412,58,0.137931034482759,0.880755897739085,0.868316080538637,0.027298221,27,0.685185185185185,0.0123709366267701,0.367641965034356,0.71167207
35,0.6,0.858814118690435,0.84093112542322,31.291479925,41,0.0975609756097561,0.899982103168624,0.902008407642545,28.943692362,38,0,0.918296782275891,0.960039731877749,0.030526103,47,0.106382978723404,0.881941145357866,0.868015095692093,0.026148307,25,0.56,2.11068848849559e-144,0.129343645492294,0.670730327
37,0.837837837837838,0.858615352336448,0.838217246755882,15.786891042,48,0.145833333333333,0.899982637091018,0.900656930945654,35.500879428,40,0,0.917107632215907,0.963108846140204,0.032329038,50,0.34,0.880141375285467,0.870371663067838,0.023188748,20,0.875,1.22629577904915e-221,0.115507591991465,0.540897258
34,0.602941176470588,0.862619522541669,0.841360155186132,13.16614582,38,0.171052631578947,0.899982609494639,0.901913837407058,8.185011565,38,0,0.920207880766926,0.959028000947781,0.029044276,44,0.0340909090909091,0.897116464640026,0.900736625635722,0.025845739,21,0.69047619047619,5.23687614998093e-08,0.264986824786044,0.555885958
36.0000000000029,0.652777777777725,0.860247089556518,0.838217246755882,10.557390462,43,0.127906976744186,0.899983071376193,0.900036388037898,284.207857269,41,0,0.914109160579002,0.943246619567861,0.028111959,47,0.117021276595745,0.879999120049744,0.862393273748919,0.024109071,23,0.608695652173913,0.0369011347435541,0.395497485517853,0.580771026
30,0.616666666666667,0.860537161069777,0.838011660069794,7.591259074,36,0.138888888888889,0.899982609494639,0.902417725574552,14.26652266,39,0,0.919142542804021,0.957160206851054,0.027198586,43,0.267441860465116,0.875747548867979,0.86416897087683,0.023894321,21,0.595238095238095,0.000881347170652182,0.324657133939373,0.558746296
32,0.5625,0.862912243949514,0.84155751294304,7.638476166,40,0.175,0.899982609494639,0.90114899013949,23.415766978,37,0,0.919318269564136,0.962914880726762,0.028844336,46,0.0543478260869565,0.894103992637539,0.903994567444336,0.024566142,20,0.475,0.00176895663366795,0.337430880041658,0.539111274
34,0.632352941176471,0.860326233187722,0.839922121967027,30.477220939,39,0.179487179487179,0.899984844326364,0.90114899013949,30.846345375,38,0,0.918758021505386,0.956388139487902,0.028658419,47,0.106382978723404,0.877603861522484,0.85974525106247,0.025247334,24,0.583333333333333,1.14608950747713e-11,0.234872421903441,0.611370659
33,0.575757575757576,0.856787251130763,0.839076244486449,47.289883236,39,0.128205128205128,0.899983071376193,0.90114899013949,18.062026302,40,0,0.914491744789778,0.944295521675175,0.029126989,49,0.0714285714285714,0.888800917314189,0.887650646024233,0.025408116,20,0.6,0.009274664375122,0.360935339911092,0.562689115
31,0.532258064516129,0.857201177596068,0.838011660069794,10.117227714,40,0.15,0.8999856798148,0.903192249316306,27.363307515,41,0,0.915938368736544,0.958106704086545,0.028219115,46,0.173913043478261,0.882371433056512,0.879667100621554,0.023609459,20,0.85,0.145053329503639,0.449165868886418,0.524216836
31,0.758064516129032,0.859618171375923,0.839560084474094,11.583158234,39,0.166666666666667,0.899981616039091,0.90201160739278,20.426102888,30,0,0.920137786040319,0.957359780011878,0.027096254,43,0.162790697674419,0.889639340644016,0.896037499405736,0.022817264,21,0.714285714285714,9.36464080890302e-25,0.194889120225869,0.559223227
34.0000000000001,0.794117647058821,0.855051713353983,0.836475050750311,12.725382898,49,0.173469387755102,0.899981616039091,0.902058573639536,1520.014848786,37,0,0.917107632215907,0.95598508456145,0.025550468,62,0.0887096774193548,0.877897383852296,0.876995663093697,0.022129444,20,0.825,0.0724372341428951,0.415579006045078,0.511871307
27,0.759259259259259,0.860326233187722,0.838217246755882,10.261101817,31,0.112903225806452,0.899982609494639,0.901913837407058,9.590603125,36,0,0.919880457929132,0.960797533428766,0.024285888,33,0.121212121212121,0.885098194055764,0.874465994626441,0.021008688,18,0.583333333333333,0.0661366397554354,0.415755908371492,0.46728757
41,0.780487804878049,0.862619522541669,0.841287627785533,8.924958113,49,0.244897959183673,0.899982103168624,0.901913837407058,15.387329593,43,0,0.906747428685725,0.919644310580762,0.030059124,52,0.0673076923076923,0.893863328594966,0.896794495980244,0.025616846,24,0.583333333333333,7.7981880493182e-41,0.173656062002592,0.604194701
31.9999999999864,0.703125000000298,0.857469220057191,0.837374708496464,9.45893502,37,0.148648648648649,0.899981616039091,0.902417725574552,7.923740851,38,0,0.915502486872523,0.957374423436734,0.025897803,41,0.207317073170732,0.884711995307195,0.872574128389918,0.022850145,19,0.578947368421053,3.03265624885921e-65,0.156167164180802,0.490562037
32,0.703125,0.857469220057191,0.837374708496464,31.618193586,36,0.125,0.899981616039091,0.903192249316306,17.419819803,41,0,0.91873630904011,0.957530931087025,0.027504549,49,0.122448979591837,0.874961046442506,0.86510907186203,0.024021004,19,0.789473684210526,9.2189246526173e-36,0.175136342865768,0.530083273
31,0.451612903225806,0.856787251130763,0.839076244486449,6.019679501,36,0.166666666666667,0.899981616039091,0.90221470749289,24.753957307,39,0,0.912396405043318,0.952403654746264,0.027911436,47,0.138297872340426,0.89404069154522,0.892755689051299,0.024352304,23,0.521739130434783,0.0385217876481333,0.394992334244355,0.607948967
32,0.59375,0.856787251130763,0.837374708496464,15.452204346,35,0.114285714285714,0.899984780229015,0.903757050837894,12.439830172,42,0,0.913911155383571,0.946146485481302,0.028957349,48,0.21875,0.871733626755606,0.852137443162696,0.025192022,22,0.772727272727273,1.18435850044301e-05,0.287734126105735,0.589870931
29,0.482758620689655,0.862619522541669,0.840931125423219,5.434762137,33,0.0757575757575758,0.899983224239469,0.902913280041479,15.180187421,35,0,0.918157336513649,0.9546399320121,0.026207483,47,0.170212765957447,0.876019501460819,0.856924849875785,0.022900419,19,0.631578947368421,0.0492156960056015,0.404016892047082,0.497233451
32,0.65625,0.855051713353983,0.836475050750311,5.411126667,40,0.1875,0.899982609494639,0.902008407642545,8.119238639,36,0,0.910816800973799,0.950230649424777,0.028330634,46,0.0760869565217391,0.894405212960322,0.896899039816065,0.025225818,20,0.575,0.0693184972574371,0.416143126548849,0.523473454
29,0.517241379310345,0.862912243949514,0.84155751294304,5.940370098,33,0.106060606060606,0.899981616039091,0.903192249316306,21.065065471,34,0,0.919065854374468,0.961836497473341,0.028556262,41,0.0731707317073171,0.884368801249466,0.871920903533587,0.024913177,21,0.428571428571429,5.2460292184942e-15,0.22060485143134,0.56078532
34,0.735294117647059,0.860857115420308,0.838011660069794,18.487797722,39,0.153846153846154,0.899982637091018,0.902910559465103,46.564985364,41,0,0.919370581994903,0.963543619129828,0.029124406,55,0.145454545454545,0.890698349466391,0.895057474022464,0.025364435,21,0.738095238095238,0.165936758792776,0.458832482977217,0.561959264
29.999999999999,0.566666666666685,0.855051713353983,0.836475050750311,14.525402876,35,0.142857142857143,0.899982103168624,0.902507994222393,199.297456446,37,0,0.90945211188386,0.932047634079417,0.027017267,42,0.130952380952381,0.882750697595819,0.872329064541015,0.022675828,25,0.46,0.0191937314237258,0.377901196267883,0.627626034
32,0.53125,0.857201177596068,0.838755515072842,8.261640043,35,0.0142857142857143,0.899981616039091,0.90400164727868,8.365456359,38,0,0.912337184135911,0.946009098299891,0.028439899,57,0.228070175438596,0.881515254023359,0.870304966726492,0.025303788,21,0.714285714285714,3.02577476566538e-19,0.204664951850869,0.553785753
29,0.620689655172414,0.857469220057191,0.837374708496464,5.892261484,34,0.161764705882353,0.899982609494639,0.902008407642546,34.729222694,39,0,0.919659452426294,0.958684563451938,0.024983161,41,0.134146341463415,0.894103992637539,0.891844150039456,0.021696016,21,0.595238095238095,0.171628316944546,0.461555997496533,0.516664169
32,0.703125,0.856787251130763,0.838755515072842,21.342044963,45,0.133333333333333,0.899982202296831,0.903489956705149,200.199736771,32,0,0.91873630904011,0.957530931087025,0.026470987,47,0.170212765957447,0.892586211375501,0.895519175832215,0.022808114,20,0.65,4.60243499143723e-20,0.198880637349718,0.540010571
34,0.661764705882353,0.856787251130763,0.838631853022127,97.480360746,39,0.179487179487179,0.899981616039091,0.903192249316306,43.142514457,41,0,0.910331027317255,0.928910183867852,0.02736597,49,0.102040816326531,0.877548605832804,0.868684261909821,0.023501809,20,0.675,0.287610579691784,0.502112032788541,0.555960817
25,0.64,0.862021732442253,0.838011660069794,2.649656107,31,0.0967741935483871,0.899981616039091,0.90400164727868,10.698154827,33,0,0.922723970867726,0.96225988192068,0.024362972,35,0.214285714285714,0.889513070927089,0.887299497620717,0.020648424,17,0.588235294117647,0.258871103093341,0.491799010801424,0.435031127
32.0000000000001,0.421874999999999,0.86308250342654,0.838011660069794,7.418768395,38,0.0526315789473684,0.899981616039091,0.900000587011725,206.358102069,45,0,0.908528865243127,0.923629834036402,0.027561109,48,0.0625,0.892283057978605,0.893860610138967,0.023745177,20,0.7,0.000973568940901349,0.328859783903723,0.51425308
34,0.632352941176471,0.857469220057191,0.837374708496464,9.598708766,40,0.15,0.899981616039091,0.902058573639536,6.745855831,45,0,0.903868798911738,0.928922607772952,0.029654369,51,0.225490196078431,0.867940734742073,0.853787928231517,0.026225221,21,0.714285714285714,0.192639240335414,0.469317350788963,0.568655806
27,0.611111111111111,0.857201177596068,0.838755515072842,12.749770231,33,0.106060606060606,0.899981616039091,0.90400164727868,14.938477299,32,0,0.915292274174854,0.944374012411901,0.024270071,39,0.0769230769230769,0.888005189450583,0.893331713319151,0.021122524,20,0.725,0.747391667723596,0.712336157271669,0.513029836
34,0.705882352941177,0.857469220057191,0.837374708496464,6.733240235,41,0.207317073170732,0.899982609494639,0.90114899013949,18.286146994,37,0,0.918626663861038,0.950706816692605,0.028254422,42,0.107142857142857,0.889227030452225,0.880462602158843,0.023661948,21,0.642857142857143,2.48499150916783e-148,0.129349232003971,0.562823812
38,0.578947368421053,0.857201177596068,0.838755515072842,46.199402178,43,0.162790697674419,0.899982103168624,0.902507994222393,15.963345844,40,0,0.917952391416008,0.955639288408752,0.025588099,47,0.223404255319149,0.875514904523854,0.862692179443472,0.022269368,22,0.704545454545455,0.00124957868487001,0.32948549045792,0.451080973
28,0.607142857142857,0.857632453973231,0.836809262583918,19.12307247,31,0.0645161290322581,0.89998041608159,0.900504711436766,16.693714424,36,0,0.909238675718491,0.938747763145004,0.027955352,43,0.558139534883721,0.862867208984845,0.845753452832324,0.02470277,18,0.722222222222222,0.0607805577697922,0.411129149068742,0.627952679
33,0.757575757575758,0.857201177596068,0.838011660069794,214.855423558,41,0.0609756097560976,0.899989290742221,0.901149371765903,133.179597249,38,0,0.908262027530749,0.926913185663666,0.028068813,50,0.54,0.862867208984845,0.847686372093612,0.024649546,19,0.789473684210526,2.46264919852229e-75,0.148787180967045,0.652170526
39,0.743589743589744,0.857201177596067,0.837251669555148,76.408204509,52,0.134615384615385,0.899982103168624,0.900504711436766,526.027580681,38,0,0.908639900339957,0.924356212216065,0.03643891,55,0.509090909090909,0.86905296025129,0.847659486875297,0.032297022,20,0.8,0,0.103525160171576,0.792076508
34,0.838235294117647,0.857469220057191,0.837374708496464,115.570890014,40,0.15,0.89998041608159,0.900000587011725,157.010161866,38,0,0.904872967941462,0.919501203172408,0.030530257,48,0.583333333333333,0.862867208984845,0.847090629643819,0.026621877,19,0.894736842105263,8.172763279531e-55,0.16088112569114,0.686558402
35,0.8,0.857201177596068,0.838755515072842,36.20676729,41,0.170731707317073,0.899982103168624,0.900000587011725,1381.17322155,33,0,0.908493175925535,0.92477473266882,0.036206092,33,0.454545454545455,0.869493470056824,0.848588137855824,0.031642489,19,0.842105263157895,9.62399427288097e-33,0.184697673773751,0.811408209
34,0.720588235294118,0.858615352336448,0.838011660069794,13.979156598,39,0.0512820512820513,0.899986946937591,0.900000587011725,19.710272547,37,0,0.908477572676756,0.924838094955332,0.035533881,47,0.425531914893617,0.869602511776445,0.849946516051825,0.030217593,20,0.75,2.08738175161208e-11,0.241781420561694,0.793923132
31,0.661290322580645,0.857201177596068,0.838631853022127,80.906374296,37,0.121621621621622,0.899984780229015,0.900504711436766,142.650372468,34,0,0.907865926965501,0.92677447851147,0.036796962,54,0.592592592592593,0.862867208984845,0.847686372093612,0.032778619,26,0.807692307692308,2.04299265249775e-06,0.271724805753211,0.978577622
32,0.703125,0.857854376300699,0.838631853022127,108.890819531,38,0.171052631578947,0.89998041608159,0.902058573639536,21.297200101,37,0,0.912331336281131,0.93593947990378,0.037032442,45,0.5,0.868477342346569,0.849501613713644,0.031860337,23,0.652173913043478,1.39324393455203e-142,0.125770441357496,0.942954481
38,0.684210526315789,0.861777786451453,0.838217246755882,88.129293112,48,0.114583333333333,0.899979839045024,0.899980714484459,146.136615545,34,0,0.908113740981701,0.922676280716566,0.030393304,49,0.693877551020408,0.866647706012301,0.845753452832324,0.02624069,20,0.75,1.197032909095e-55,0.159242902202813,0.662002589
28,0.678571428571429,0.863639493852981,0.841287627785533,9.631691029,34,0.161764705882353,0.899982103168624,0.901788539041951,35.536920531,33,0,0.911863826327937,0.931366421954652,0.034656266,43,0.651162790697674,0.862356620546051,0.848236354134345,0.030762906,21,0.761904761904762,1.43161445867947e-19,0.203339187769502,0.849155677
31,0.935483870967742,0.857201177596068,0.838217246755882,136.349912625,41,0.109756097560976,0.89998041608159,0.903168107878423,361.363175133,36,0,0.911424076411077,0.93593947990378,0.033266483,47,0.659574468085106,0.86860583835989,0.848588137855824,0.028920308,16,0.6875,1.78621667489737e-173,0.122299649593041,0.66503185
29,0.844827586206897,0.857201177596068,0.838631853022127,8.284072703,35,0.171428571428571,0.899984780229015,0.902862639360852,26.136863453,42,0,0.907217974681116,0.92597602755426,0.034671856,37,0.459459459459459,0.865394303268183,0.849668418026408,0.030228229,20,0.5,1.06285297846122e-58,0.160253711406757,0.816459075
30,0.766666666666667,0.858523729969683,0.838631853022127,19.278090975,38,0.118421052631579,0.899987632036876,0.900000587011725,398.383201064,31,0,0.910377293202388,0.927532172028899,0.03172527,50,0.56,0.865394303268183,0.848885024140353,0.027620965,17,0.647058823529412,5.2970167892908e-55,0.159270016877609,0.699014718
30,0.583333333333333,0.857469220057191,0.837374708496464,20.529402466,35,0.128571428571429,0.899979839045024,0.900656930945654,92.084282718,33,0,0.910585128347181,0.948314630049257,0.035385132,37,0.513513513513513,0.863016057241539,0.849055738127054,0.029782594,19,0.789473684210526,1.24697677742486e-159,0.126641799581462,0.75485893
32,0.90625,0.855512861390355,0.835327219029928,125.984416606,39,0.153846153846154,0.899982103168624,0.900504711436765,42.153706263,32,0,0.907916319298094,0.926948473838386,0.028476824,48,0.572916666666667,0.865054931324507,0.848497383295344,0.024355865,22,0.727272727272727,3.19976316346712e-133,0.130663430343364,0.745047857
28,0.517857142857143,0.867512441764918,0.844888889058932,5.973709367,31,0.161290322580645,0.899979839045024,0.902801612207879,10.973419119,35,0,0.907217974681116,0.938599172444194,0.032897781,34,0.529411764705882,0.865054931324507,0.845753452832324,0.027829363,19,0.789473684210526,1.40672900195009e-76,0.148337991329566,0.783314682
32,0.75,0.859371730298984,0.838093584320331,22.465597984,37,0.0945945945945946,0.899982828596734,0.902058573639536,27.776952261,33,0,0.907628143258153,0.931565960449188,0.034718443,45,0.6,0.868659642917456,0.848582536585555,0.029664215,19,0.789473684210526,3.99479653954813e-22,0.20074381807354,0.755334225
36,0.694444444444444,0.856661660695676,0.835327219029928,46.830786387,42,0.166666666666667,0.899982609494639,0.901970091158402,66.35149139,32,0,0.907371035725364,0.923132617435767,0.035920199,47,0.574468085106383,0.865394303268183,0.849668418026408,0.031897643,20,0.775,8.3179070346822e-43,0.171695074926026,0.848873423
29,0.758620689655172,0.856661660695676,0.835327219029928,8.706747268,37,0.121621621621622,0.899979839045024,0.902801612207879,111.937616512,34,0,0.909445975265917,0.925460892386151,0.031785684,45,0.533333333333333,0.868651659467629,0.849541568495931,0.027567574,16,0.75,1.36661208186976e-07,0.264120001558725,0.656869702
29,0.568965517241379,0.863695187729899,0.8405404624681,24.300163588,31,0.112903225806452,0.899982609494639,0.901149371765903,12.352953518,32,0,0.901976903860581,0.90771406657206,0.034414166,38,0.421052631578947,0.870368981341186,0.850086274014102,0.029205471,18,0.777777777777778,5.91615599546948e-10,0.24773999310031,0.753385381
34,0.764705882352941,0.856661660695676,0.835327219029928,72.778870646,41,0.109756097560976,0.899989073439624,0.899980714484459,609.062738511,41,0,0.909198209965068,0.922982744170077,0.037367852,51,0.529411764705882,0.868477342346569,0.849501613713644,0.032924293,23,0.804347826086957,2.28927823096782e-05,0.292199691978184,0.925448444
40,0.85,0.864121290511309,0.843080785383199,198.089153502,46,0.119565217391304,0.899982103168624,0.900000587011725,488.28578586,43,0,0.907142243530104,0.924122463039972,0.03707947,46,0.608695652173913,0.865054931324507,0.845508389209748,0.033496143,20,0.6,0,0.103135965118525,0.866400542
32,0.734375,0.857201177596068,0.838755515072842,88.359526533,41,0.134146341463415,0.89998041608159,0.900000587011725,497.961349774,36,0,0.910718902852379,0.933559351396122,0.034311336,50,0.53,0.867882996654194,0.847301087554585,0.030408678,19,0.631578947368421,2.0680562369171e-129,0.130093282297694,0.797762533
27,0.777777777777778,0.857201177596068,0.838217246755882,58.814888102,30,0.15,0.899986946937591,0.902910559465103,20.850695504,33,0,0.909954280556056,0.926462558351405,0.031166164,37,0.527027027027027,0.867842404206171,0.848497383295344,0.027102594,18,0.611111111111111,4.30045709414977e-08,0.26247536953739,0.623032805
30,0.683333333333333,0.858615352336448,0.840577825345765,48.161498059,36,0.0694444444444444,0.899979839045024,0.90221470749289,68.824998798,41,0,0.909578782572945,0.925073367295352,0.03488179,45,0.511111111111111,0.868306404213426,0.849097545077621,0.030270611,21,0.714285714285714,9.79824944230049e-08,0.264624318685112,0.861328623
40,0.675,0.860247089556518,0.837251669555148,24.611889754,53,0.169811320754717,0.899979839045024,0.900504711436766,6041.163285908,39,0,0.909245565684903,0.925460892386151,0.053768326,65,0.630769230769231,0.862867208984845,0.847686372093612,0.030095874,27,0.851851851851852,1.0699944135389e-309,0.107145550976936,0.726339752
28,0.660714285714286,0.860341486297875,0.837251669555148,8.090546892,32,0.125,0.899979839045024,0.902801612207879,9.862792878,34,0.0147058823529412,0.898976980164748,0.904537996525667,0.02493628,42,0.547619047619048,0.86905296025129,0.849097545077621,0.021901967,18,0.777777777777778,2.8656012841462e-21,0.201637326349333,0.508586193
36,0.694444444444444,0.858523729969683,0.838011660069794,239.519871345,45,0.188888888888889,0.899979839045024,0.900000587011725,1890.433832823,35,0,0.910377293202388,0.926948473838386,0.030590174,48,0.520833333333333,0.869378364902725,0.84934757948768,0.026835276,21,0.857142857142857,1.38505883515748e-95,0.138835075402067,0.692015074
28,0.625,0.858560395146426,0.839056682885084,12.644968131,31,0.129032258064516,0.899982609494639,0.903321571754929,21.358142651,37,0,0.913680791244374,0.936911905549968,0.02964744,41,0.524390243902439,0.865394303268183,0.848582536585555,0.024979626,19,0.736842105263158,0.000880388036862764,0.325219952668359,0.652673853
29.9999999999911,0.666666666666865,0.862518740053208,0.841280480292531,20.958472299,35,0.114285714285714,0.89998041608159,0.902008407642546,69.023579606,36,0,0.910336718534897,0.92675063272308,0.027872172,42,0.595238095238095,0.867842404206171,0.850581274919564,0.02437509,20,0.7,4.4337797806133e-05,0.296522605650714,0.660159952
25,0.8,0.860247089556518,0.839077336407335,12.736271507,31,0.145161290322581,0.899979839045024,0.900656930945654,74.740174186,28,0,0.914071145566516,0.937405104609104,0.026007057,41,0.5,0.862867208984845,0.847686372093612,0.022351097,17,0.588235294117647,1.72800709314619e-41,0.171132278462413,0.554769875
30,0.65,0.859618171375923,0.839560084474094,34.540212264,36,0.152777777777778,0.899984780229015,0.901788539041951,575.902609663,31,0,0.91014961576783,0.926524704041568,0.029159665,49,0.581632653061224,0.862867208984845,0.847686372093612,0.02515935,19,0.894736842105263,5.7488920657336e-73,0.148634622500423,0.669045953
37,0.77027027027027,0.85690150112224,0.835692272627133,177.769253688,48,0.135416666666667,0.899979839045024,0.900504711436766,711.692416135,46,0,0.90598402573138,0.924261659575359,0.033386942,48,0.5,0.867069118826554,0.848497383295344,0.028793993,22,0.727272727272727,1.13400052808229e-109,0.135420219085902,0.783963331
27,0.703703703703704,0.861118983712426,0.842977931895174,18.773302059,31,0.129032258064516,0.899984780229015,0.901788539041951,208.735433509,33,0,0.909954280556056,0.926462558351405,0.027790634,37,0.513513513513513,0.867842404206171,0.850581274919564,0.024038481,19,0.736842105263158,0.000681017837647619,0.322674512002137,0.63597021
29,0.46551724137931,0.859618171375923,0.839560084474094,104.579828249,32,0.15625,0.89998041608159,0.900000587011725,130.055639459,35,0,0.913011408225655,0.935202827972237,0.031533338,41,0.475609756097561,0.86638132537724,0.848941456612808,0.027487065,18,0.722222222222222,0.283656807171352,0.500610919712178,0.667165329
28,0.535714285714286,0.861082111587347,0.841287627785533,226.233769874,30,0.0666666666666667,0.899979839045024,0.902008407642545,53.087192827,35,0,0.910398756863108,0.926948473838386,0.027217899,40,0.575,0.862867208984845,0.847686372093612,0.023110447,16,0.9375,1.29385490103069e-10,0.242371143958833,0.529504868
35,0.714285714285714,0.857469220057191,0.837374708496464,528.030427929,39,0.128205128205128,0.899986946937591,0.900000587011725,121.234098388,36,0,0.911688609585441,0.933779204126596,0.035812497,36,0.555555555555556,0.865394303268183,0.849948743243712,0.030057477,22,0.727272727272727,2.28927823096784e-05,0.292199691978184,0.863855601
31,0.548387096774194,0.856661660695676,0.835327219029928,22.72036822,35,0.157142857142857,0.89998041608159,0.902058573639536,22.797741956,34,0,0.921162945736053,0.961641376263943,0.030915374,39,0.435897435897436,0.865976087668172,0.848946664350287,0.026288815,18,0.722222222222222,0.000115313462684989,0.307276839425999,0.641120835
30,0.75,0.862518740053333,0.8405404624681,12.900594346,34,0.132352941176471,0.899982609494639,0.902612122349851,22.903030789,32,0,0.908204172519274,0.933033615781951,0.029408452,38,0.342105263157895,0.865976087668172,0.849501613713644,0.026413214,19,0.736842105263158,3.70077277694413e-78,0.148414526353268,0.66044703
40,0.775,0.859371730298984,0.838093584320331,37.250577065,48,0.104166666666667,0.899982609494639,0.900000587011725,214.238595573,38,0,0.907746111062285,0.924664776780189,0.03074393,54,0.648148148148148,0.862867208984845,0.847686372093612,0.027527617,21,0.857142857142857,5.73480371771701e-77,0.148942506828413,0.725803967
29,0.724137931034483,0.857201177596068,0.838631853022127,6.506280088,35,0.157142857142857,0.89998041608159,0.901788539041951,11.194782908,40,0,0.910040385969879,0.926913185663666,0.029467379,42,0.547619047619048,0.867069118826554,0.84806508424473,0.02555577,18,0.777777777777778,2.83540442212846e-16,0.218532102843144,0.671272359
27,0.574074074074074,0.860799794535345,0.842583892331184,8.635145946,30,0.0833333333333333,0.89998041608159,0.901788539041951,24.054575873,36,0.0138888888888889,0.895923708370997,0.900419348209883,0.028631971,42,0.523809523809524,0.870227878261727,0.84978092929971,0.024801305,20,0.55,9.2529170476345e-06,0.287810541734182,0.696750321
27,0.518518518518518,0.858615352336448,0.8405404624681,12.170606301,32,0.078125,0.899979839045023,0.902612122349851,51.284854338,29,0,0.908685578911252,0.934481336152304,0.028189531,38,0.460526315789474,0.887041023219181,0.877796388119153,0.024683607,18,0.75,9.47942185472433e-05,0.30249716964623,0.637017162
